{"cameraMode":{"drawMode":0,"name":"Shaded","section":"Shading Mode"},"sceneLighting":true,"audioPlay":false,"sceneViewState":{"showFog":true,"showMaterialUpdate":false,"showSkybox":true,"showFlares":true,"showImageEffects":true,"showParticleSystems":true},"in2DMode":false,"pivot":{"x":0.3525512218475342,"y":6.184209823608398,"z":1.4574012756347657},"rotation":{"x":0.2775711417198181,"y":0.029118558391928674,"z":-0.008415554650127888,"w":0.960226833820343},"size":63.709083557128909,"orthographic":false}